plot,institution,TP,FP,FN,precision,recall,f1,coverage,n_gt_trees,n_pred_trees,mean_iou_matched,over_seg,under_seg
CULS__plot_1_annotated,CULS,4,12,2,0.25,0.6666666666666666,0.36363636363636365,0.6666666666666666,6,16,0.6592910287514469,2.0,0.3333333333333333
SCION__plot_35_annotated,SCION,2,12,21,0.14285714285714285,0.08695652173913043,0.1081081081081081,0.08695652173913043,23,14,0.7728362089512151,0.5217391304347826,0.9130434782608695
NIBIO__plot_9_annotated,NIBIO,5,4,14,0.5555555555555556,0.2631578947368421,0.35714285714285715,0.2631578947368421,19,9,0.6720667136496176,0.21052631578947367,0.7368421052631579
CULS__plot_3_annotated,CULS,10,26,11,0.2777777777777778,0.47619047619047616,0.3508771929824561,0.47619047619047616,21,36,0.7392839658894198,1.2380952380952381,0.5238095238095238
NIBIO__plot_2_annotated,NIBIO,5,10,35,0.3333333333333333,0.125,0.18181818181818182,0.125,40,15,0.6740594200939316,0.25,0.875
