plot,institution,sem_accuracy,sem_iou_tree,sem_iou_notree,sem_miou,sem_seg_f1,sem_n_points_evaluated
CULS__plot_1_annotated,CULS,0.9957091425533857,0.9831395778169274,0.9942773152346229,0.9887084465257752,0.9914981162336376,1489912
SCION__plot_35_annotated,SCION,0.996815455765332,0.996449223432442,0.9700492480117383,0.9832492357220901,0.9982214541066798,2410078
NIBIO__plot_9_annotated,NIBIO,0.9928035485730632,0.9897535713516925,0.9763941580500385,0.9830738647008654,0.9948504031876938,2513461
CULS__plot_3_annotated,CULS,0.9941569717745926,0.9875771882436661,0.9890885750962772,0.9883328816699717,0.993749771415262,2222820
NIBIO__plot_2_annotated,NIBIO,0.993233315390249,0.9915848224296018,0.9666109670541915,0.9790978947418967,0.9957746326063419,3050386
