plot,institution,sem_accuracy,sem_iou_tree,sem_iou_notree,sem_miou,sem_seg_f1,sem_n_points_evaluated,TP,FP,FN,precision,recall,f1,coverage,n_gt_trees,n_pred_trees,mean_iou_matched,over_seg,under_seg
CULS__plot_1_annotated,CULS,0.9957091425533857,0.9831395778169274,0.9942773152346229,0.9887084465257752,0.9914981162336376,1489912,6,0,0,1.0,1.0,1.0,1.0,6,6,0.8015273487764817,0.0,0.0
SCION__plot_35_annotated,SCION,0.996815455765332,0.996449223432442,0.9700492480117383,0.9832492357220901,0.9982214541066798,2410078,0,1,23,0.0,0.0,0.0,0.0,23,1,0.0,0.043478260869565216,1.0
NIBIO__plot_9_annotated,NIBIO,0.9928035485730632,0.9897535713516925,0.9763941580500385,0.9830738647008654,0.9948504031876938,2513461,2,4,17,0.3333333333333333,0.10526315789473684,0.16,0.10526315789473684,19,6,0.8280958877877831,0.21052631578947367,0.8947368421052632
CULS__plot_3_annotated,CULS,0.9941569717745926,0.9875771882436661,0.9890885750962772,0.9883328816699717,0.993749771415262,2222820,10,3,11,0.7692307692307693,0.47619047619047616,0.588235294117647,0.47619047619047616,21,13,0.8717894418894712,0.14285714285714285,0.5238095238095238
NIBIO__plot_2_annotated,NIBIO,0.993233315390249,0.9915848224296018,0.9666109670541915,0.9790978947418967,0.9957746326063419,3050386,1,5,39,0.16666666666666666,0.025,0.04347826086956522,0.025,40,6,0.7349575900316683,0.125,0.975
