plot,institution,sem_accuracy,sem_iou_tree,sem_iou_notree,sem_miou,sem_seg_f1,sem_n_points_evaluated,TP,FP,FN,precision,recall,f1,coverage,n_gt_trees,n_pred_trees,mean_iou_matched,over_seg,under_seg
CULS__plot_1_annotated,CULS,0.9957091425533857,0.9831395778169274,0.9942773152346229,0.9887084465257752,0.9914981162336376,1489912,6,1,0,0.8571428571428571,1.0,0.923076923076923,1.0,6,7,0.9012587400591242,0.16666666666666666,0.0
SCION__plot_35_annotated,SCION,0.996815455765332,0.996449223432442,0.9700492480117383,0.9832492357220901,0.9982214541066798,2410078,0,4,23,0.0,0.0,0.0,0.0,23,4,0.0,0.17391304347826086,1.0
NIBIO__plot_9_annotated,NIBIO,0.9928035485730632,0.9897535713516925,0.9763941580500385,0.9830738647008654,0.9948504031876938,2513461,3,6,16,0.3333333333333333,0.15789473684210525,0.21428571428571427,0.15789473684210525,19,9,0.7152723456515755,0.3157894736842105,0.8421052631578947
CULS__plot_3_annotated,CULS,0.9941569717745926,0.9875771882436661,0.9890885750962772,0.9883328816699717,0.993749771415262,2222820,8,12,13,0.4,0.38095238095238093,0.3902439024390244,0.38095238095238093,21,20,0.8809118784632421,0.5714285714285714,0.6190476190476191
NIBIO__plot_2_annotated,NIBIO,0.993233315390249,0.9915848224296018,0.9666109670541915,0.9790978947418967,0.9957746326063419,3050386,4,5,36,0.4444444444444444,0.1,0.163265306122449,0.1,40,9,0.6208584259589782,0.125,0.9
