plot,institution,sem_accuracy,sem_iou_tree,sem_iou_notree,sem_miou,sem_seg_f1,sem_n_points_evaluated,TP,FP,FN,precision,recall,f1,coverage,n_gt_trees,n_pred_trees,mean_iou_matched,over_seg,under_seg
CULS__plot_1_annotated,CULS,0.9978891370765521,0.9917062673720075,0.9971764727006657,0.9944413700363366,0.995835865577239,1489912,6,1,0,0.8571428571428571,1.0,0.923076923076923,1.0,6,7,0.9852518894251148,0.16666666666666666,0.0
SCION__plot_35_annotated,SCION,0.9988543939241801,0.9987226782213167,0.9890124758740076,0.9938675770476622,0.9993609309622583,2410078,3,3,20,0.5,0.13043478260869565,0.20689655172413793,0.13043478260869565,23,6,0.7332156335397905,0.13043478260869565,0.8695652173913043
NIBIO__plot_9_annotated,NIBIO,0.9983568473909084,0.9976612200842867,0.9945058818990758,0.9960835509916812,0.9988292409682886,2513461,5,2,14,0.7142857142857143,0.2631578947368421,0.3846153846153846,0.2631578947368421,19,7,0.6814473600603108,0.10526315789473684,0.7368421052631579
CULS__plot_3_annotated,CULS,0.9978162874186843,0.9953572986249799,0.9958939637714628,0.9956256311982213,0.9976732481053797,2222820,13,3,8,0.8125,0.6190476190476191,0.7027027027027026,0.6190476190476191,21,16,0.8582297503699239,0.14285714285714285,0.38095238095238093
NIBIO__plot_2_annotated,NIBIO,0.9972750989546897,0.9966113496955026,0.9862793906940198,0.9914453701947612,0.9983027992378115,3050386,3,7,37,0.3,0.075,0.12,0.075,40,10,0.8509777666581861,0.175,0.925
