plot,institution,sem_accuracy,sem_iou_tree,sem_iou_notree,sem_miou,sem_seg_f1,sem_n_points_evaluated,TP,FP,FN,precision,recall,f1,coverage,n_gt_trees,n_pred_trees,mean_iou_matched,over_seg,under_seg
CULS__plot_1_annotated,CULS,0.9978891370765521,0.9917062673720075,0.9971764727006657,0.9944413700363366,0.995835865577239,1489912,6,0,0,1.0,1.0,1.0,1.0,6,6,0.9411865047951685,0.0,0.0
SCION__plot_35_annotated,SCION,0.9988543939241801,0.9987226782213167,0.9890124758740076,0.9938675770476622,0.9993609309622583,2410078,0,8,23,0.0,0.0,0.0,0.0,23,8,0.0,0.34782608695652173,1.0
NIBIO__plot_9_annotated,NIBIO,0.9983568473909084,0.9976612200842867,0.9945058818990758,0.9960835509916812,0.9988292409682886,2513461,3,3,16,0.5,0.15789473684210525,0.23999999999999996,0.15789473684210525,19,6,0.7508947950727577,0.15789473684210525,0.8421052631578947
CULS__plot_3_annotated,CULS,0.9978162874186843,0.9953572986249799,0.9958939637714628,0.9956256311982213,0.9976732481053797,2222820,8,4,13,0.6666666666666666,0.38095238095238093,0.4848484848484849,0.38095238095238093,21,12,0.8552556759926557,0.19047619047619047,0.6190476190476191
NIBIO__plot_2_annotated,NIBIO,0.9972750989546897,0.9966113496955026,0.9862793906940198,0.9914453701947612,0.9983027992378115,3050386,3,4,37,0.42857142857142855,0.075,0.1276595744680851,0.075,40,7,0.7476982087170745,0.1,0.925
