plot,institution,sem_accuracy,sem_iou_tree,sem_iou_notree,sem_miou,sem_seg_f1,sem_n_points_evaluated
CULS__plot_1_annotated,CULS,0.9978891370765521,0.9917062673720075,0.9971764727006657,0.9944413700363366,0.995835865577239,1489912
SCION__plot_35_annotated,SCION,0.9988543939241801,0.9987226782213167,0.9890124758740076,0.9938675770476622,0.9993609309622583,2410078
NIBIO__plot_9_annotated,NIBIO,0.9983568473909084,0.9976612200842867,0.9945058818990758,0.9960835509916812,0.9988292409682886,2513461
CULS__plot_3_annotated,CULS,0.9978162874186843,0.9953572986249799,0.9958939637714628,0.9956256311982213,0.9976732481053797,2222820
NIBIO__plot_2_annotated,NIBIO,0.9972750989546897,0.9966113496955026,0.9862793906940198,0.9914453701947612,0.9983027992378115,3050386
